"ID","bookValue"
"1",82884,242.61
"2",25064,642.99
"3",81235,628.53
"4",71769,431.87
"5",55080,620.88
"6",93224,501.76
"7",24331,466.01
"8",81460,295.2
"9",14608,216.48
"10",79064,243.43
"11",6227,296.26
"12",59109,341.64
"13",81527,203.02
"14",27240,520.5
"15",76073,469.93
"16",83056,543.04
"17",46163,511.62
"18",85963,364.09
"19",92464,76.76
"20",15611,450.56
"21",76619,582.6
"22",91370,232.67
"23",56015,266.26
"24",91470,307.29
"25",50826,331.03
"26",40298,239.04
"27",94886,139.78
"28",29777,560.23
"29",58849,274.26
"30",38504,586.05
"31",83557,507.34
"32",19996,319.9
"33",70799,270.42
"34",1541,461.89
"35",55337,233.01
"36",80125,118.58
"37",43450,508.55
"38",57172,329.3
"39",13432,401.56
"40",58014,283.07
"41",50149,416.73
"42",42594,170.6
"43",1171,398.36
"44",15101,475.22
"45",32267,318.45
"46",25529,464.7
"47",53784,325.19
"48",45437,347.94
"49",28052,490.93
"50",78968,355.26
"51",37026,224.76
"52",33829,134.16
"53",80645,677.88
"54",81087,379.26
"55",86073,874.46
"56",95532,444.61
"57",91184,229.78
"58",45608,328.06
"59",88748,154.76
"60",70084,377.41
"61",54483,328.32
"62",73456,364.05
"63",51272,248.4
"64",81126,623.94
"65",74733,509.36
"66",79628,310.14
"67",36891,469.94
"68",48057,415.06
"69",63992,577.14
"70",38884,295.41
"71",27566,481.44
"72",38968,635.28
"73",90160,205.69
"74",44016,600.75
"75",73993,493.26
"76",45510,709.82
"77",28956,462.28
"78",23467,151.91
"79",69335,394.16
"80",24286,561.26
"81",18890,511.56
"82",27241,219.76
"83",66252,200.33
"84",24903,170.47
"85",4437,758.71
"86",20141,496.93
"87",82532,540.99
"88",24307,425.56
"89",31740,735.45
"90",90333,241.17
"91",7224,354.76
"92",75133,355.16
"93",81148,106.24
"94",19742,280.37
"95",15009,415.6
"96",9928,448.69
"97",61593,376.3
"98",55002,328.13
"99",50415,646.35
"100",61924,311.01
"101",64282,172.65
"102",42657,496.02
"103",26909,336.37
"104",50144,157.35
"105",57542,291.96
"106",88261,266.66
"107",66000,456.5
"108",9756,123.57
"109",32748,194.02
"110",4756,295.96
"111",96196,206.19
"112",63432,339.44
"113",12128,362.93
"114",5748,292.05
"115",4225,268.65
"116",14573,221.1
"117",2548,849.38
"118",59254,353.26
"119",66939,714.26
"120",8083,332.17
"121",63904,197.73
"122",41110,304.41
"123",37985,562.09
"124",46093,243.42
"125",67389,283.38
"126",25996,434.05
"127",71325,306.78
"128",13081,734.93
"129",98356,511.04
"130",95222,496.15
"131",18668,255.8
"132",99691,134.23
"133",15769,186.81
"134",27117,914.95
"135",85452,370.07
"136",45746,440.72
"137",79417,335.71
"138",26141,471.03
"139",84329,122.99
"140",93820,845.91
"141",58999,568.6
"142",68676,612.46
"143",75053,157.54
"144",72372,247.97
"145",64061,129.32
"146",90183,333.28
"147",72906,677.62
"148",59426,221.35
"149",90102,586.57
"150",13574,346.87
"151",9567,429.25
"152",54452,226.49
"153",63777,552.83
"154",44198,765.11
"155",36290,179.22
"156",70010,185.75
"157",46379,264.2
"158",54435,430.78
"159",60607,737.27
"160",97972,709.76
"161",71729,290.83
"162",76263,701.99
"163",25808,284.98
"164",38561,458.6
"165",71358,347.5
"166",37626,544.69
"167",76571,356.94
"168",26061,178.95
"169",9202,140.59
"170",36834,603.64
"171",92003,130.41
"172",89026,154.8
"173",32752,112.07
"174",82533,100.85
"175",75329,404.07
"176",27801,314.65
"177",22515,167.07
"178",86915,323.47
"179",68646,114.08
"180",14029,891.3
"181",27597,124.01
"182",27070,699.51
"183",96080,449.07
"184",39411,739.46
"185",62693,302.92
"186",93367,585.26
"187",29395,349
"188",66392,186.07
"189",89893,393.06
"190",30948,204.91
"191",36460,173.51
"192",70378,255.5
"193",45187,331.27
"194",60975,566.94
"195",11666,375.95
"196",84963,430.32
"197",34540,337.09
"198",37012,570.3
"199",42629,365.47
"200",89813,334.73
"201",96029,465.35
"202",16596,423.61
"203",88668,274.96
"204",96988,460.54
"205",15553,169.95
"206",93529,528.79
"207",96963,745.64
"208",53255,402.35
"209",68667,275.47
"210",61451,102.73
"211",52190,196.26
"212",25063,740.99
"213",40051,271.97
"214",25379,1021.07
"215",75428,379.8
"216",55391,593.38
"217",47821,52.75
"218",11890,296.31
"219",61802,543.23
"220",4260,428.45
"221",46828,277.91
"222",15082,452.66
"223",66403,422.53
"224",10375,746.81
"225",93255,312.5
"226",58949,549.16
"227",49529,435.84
"228",51581,563.31
"229",56655,280.82
"230",6333,93.44
"231",21256,134.03
"232",15340,460.4
"233",14642,231.78
"234",91946,551.5
"235",98624,340.6
"236",55672,327.11
"237",6152,181.49
"238",94223,811.7
"239",41466,301.48
"240",92819,690.08
"241",91732,365.69
"242",89008,464.16
"243",45233,184.57
"244",63863,710.14
"245",48325,270.19
"246",74299,417.48
"247",83880,697.3
"248",20102,291.07
"249",90733,327.73
"250",39563,123.96
"251",53984,637.45
"252",78992,686.1
"253",50083,519.01
"254",85522,87.6
"255",30200,705.99
"256",71218,563.83
"257",33418,300.76
"258",43806,207.02
"259",69881,589.3
"260",14001,524.19
"261",63859,411.31
"262",66981,392.81
"263",54284,209.97
"264",92751,500.51
"265",37216,549.49
"266",86872,350.82
"267",84630,287.19
"268",57075,247.89
"269",96292,179.32
"270",82033,352.75
"271",52048,316.01
"272",96619,136.05
"273",72845,398.17
"274",39632,378.47
"275",38505,192.99
"276",44027,680.05
"277",88999,488.17
"278",61175,424.69
"279",99647,314.86
"280",45174,462.58
"281",20770,336.12
"282",92032,321.49
"283",77471,180.95
"284",81701,33.02
"285",89577,459.1
"286",92246,571.86
"287",80079,387.93
"288",18406,111.52
"289",22629,488.41
"290",4913,464.32
"291",74963,251.08
"292",298,102.11
"293",38060,403.92
"294",289,212.95
"295",64172,556.46
"296",8178,440.51
"297",11643,634.05
"298",53237,170.1
"299",27495,320.01
"300",86093,326.17
"301",61726,588.81
"302",94296,198.59
"303",34347,472.19
"304",46071,460.2
"305",59363,542.45
"306",11569,1025.03
"307",95190,317.09
"308",85801,214.69
"309",67608,462.74
"310",89612,337.21
"311",71865,409.71
"312",49209,329.69
"313",30386,117.64
"314",10314,358.47
"315",18614,229
"316",59725,280.84
"317",91495,794.48
"318",64380,246.28
"319",52870,717.78
"320",20600,88.87
"321",71099,284.77
"322",65954,372.12
"323",27159,656.87
"324",56338,465.67
"325",57791,376
"326",72525,541.93
"327",58378,94.17
"328",55575,261.4
"329",68330,645.87
"330",30774,508.26
"331",70645,387.18
"332",58628,595.9
"333",73222,352.6
"334",59766,173.76
"335",9782,337.93
"336",56391,422.66
"337",36694,282.38
"338",8400,601.52
"339",63311,227.84
"340",92584,450
"341",71552,122.09
"342",81109,415.4
"343",10991,133.92
"344",15197,536.77
"345",79622,345.21
"346",36202,328.99
"347",81428,273.54
"348",75648,629.78
"349",73011,513.16
"350",13682,441.66
"351",21337,272.84
"352",94854,141.08
"353",81354,961.28
"354",68114,246.06
"355",27934,749.38
"356",15476,451.78
"357",40165,880.81
"358",20711,610.88
"359",9908,793.99
"360",89437,98.15
"361",41949,470.27
"362",14846,350.91
"363",81920,404.21
"364",47681,230.39
"365",85828,488.64
"366",54879,332.72
"367",47856,214.39
"368",65018,309.25
"369",89784,437.34
"370",46846,648.38
"371",94414,146.78
"372",29133,597.44
"373",44851,241.15
"374",14869,344.8
"375",15477,323.31
"376",60335,259.89
"377",58735,620.96
"378",33907,475.63
"379",26208,368.94
"380",23831,769.89
"381",45361,125.35
"382",63599,452.91
"383",48076,175.71
"384",64482,303.6
"385",97391,371.09
"386",7650,1425.79
"387",50787,173.28
"388",82196,211.76
"389",61608,418.06
"390",39060,205.69
"391",58573,445.84
"392",75887,739
"393",3255,98.05
"394",18490,560.09
"395",91293,711.72
"396",11499,140.3
"397",71803,624.7
"398",93179,257.14
"399",51975,533.01
"400",43184,497.5
"401",66664,246.01
"402",48165,394.65
"403",13744,275.44
"404",69291,208.33
"405",96007,608.06
"406",57606,225.65
"407",78215,350.77
"408",88288,307.69
"409",35386,341.13
"410",12108,366.56
"411",497,640.18
"412",4916,190.5
"413",49031,377.31
"414",79697,162.48
"415",80186,190.48
"416",26163,270.58
"417",56884,332.54
"418",94766,409.05
"419",3922,630.86
"420",48687,471.73
"421",25839,294.92
"422",83951,288.15
"423",89999,452.66
"424",74959,353.49
"425",71462,640.12
"426",10332,337.79
"427",53456,258.6
"428",27966,59.28
"429",73223,683.8
"430",24835,237
"431",24435,172.2
"432",57981,314.5
"433",51139,224.72
"434",16910,446.6
"435",96819,353.52
"436",45851,478.83
"437",11649,505.37
"438",76607,523.32
"439",21170,553.99
"440",985,633.92
"441",8981,324.92
"442",8911,585.23
"443",32859,305.23
"444",12474,198.08
"445",66597,538.73
"446",75957,188.71
"447",89380,191.06
"448",14071,267.99
"449",52055,879.91
"450",39908,831.31
"451",82102,1020.22
"452",16688,271.87
"453",20760,734.29
"454",51418,447.31
"455",87838,533.69
"456",25823,323.42
"457",74280,132
"458",43525,222.1
"459",77773,278.95
"460",38801,659.33
"461",51855,690.06
"462",26364,740.25
"463",65768,480.89
"464",71795,105.46
"465",6641,687.51
"466",12836,455.82
"467",67846,458.78
"468",55650,324.9
"469",25886,478.13
"470",37508,249.83
"471",84375,824.66
"472",55273,392.71
"473",16466,381.43
"474",44650,414.99
"475",66018,281.64
"476",68700,281.83
"477",38699,275.22
"478",72120,68.63
"479",71824,305.14
"480",81037,456.27
"481",56520,350.92
"482",80465,257.83
"483",9237,757.69
"484",89934,490.9
"485",43022,174.36
"486",79093,635.85
"487",71864,201.07
"488",50811,651.35
"489",14139,157.98
"490",92979,469.99
"491",19346,301.26
"492",55315,117.59
"493",2651,297.53
"494",80824,442.44
"495",75125,191.51
"496",11313,678.04
"497",8847,397.11
"498",11992,482.04
"499",7447,240.33
"500",65509,343.22
"501",82615,629.43
"502",67148,341.15
"503",52658,292.07
"504",83955,751.95
"505",74317,399.16
"506",53945,846.85
"507",23583,511.29
"508",16965,190.5
"509",14240,414.66
"510",29764,556.48
"511",89039,210.01
"512",6184,131.65
"513",41120,292.27
"514",56756,348.08
"515",31163,363.46
"516",66583,879.54
"517",11813,166.92
"518",47388,167.64
"519",75550,130.53
"520",31735,423.04
"521",2671,195.74
"522",78747,226.28
"523",34822,150.43
"524",12052,580.69
"525",46204,161.63
"526",40066,265.3
"527",51481,179.01
"528",64873,164.95
"529",65750,552.5
"530",4838,701.64
"531",89253,182.37
"532",25274,415.86
"533",66816,239.39
"534",71707,222.87
"535",89333,362.28
"536",61005,233.97
"537",77046,466.99
"538",77814,483.28
"539",84536,295.35
"540",23685,424.56
"541",59702,294.28
"542",63010,347.38
"543",77143,189.49
"544",84382,123.04
"545",49578,369.35
"546",84305,298.29
"547",2713,704.91
"548",43798,634.64
"549",33807,306.96
"550",4354,350.72
"551",6514,530.06
"552",59894,557.4
"553",32737,297.55
"554",44391,374.93
"555",78582,585.05
"556",47150,447.53
"557",87955,219.45
"558",74243,239.7
"559",86130,191.28
"560",97331,227.75
"561",61936,530.25
"562",170,450.12
"563",61455,286.77
"564",93363,325.59
"565",44286,179.46
"566",8259,560.26
"567",80260,176.39
"568",64644,544.46
"569",94368,313.83
"570",41278,310.98
"571",39445,406.17
"572",14776,591.46
"573",77815,190.37
"574",88214,214.61
"575",32406,606.48
"576",87681,333.62
"577",38434,209.67
"578",83566,296.99
"579",5712,833.33
"580",90124,563.22
"581",33331,298.55
"582",35124,236.8
"583",98319,579.4
"584",6993,809.95
"585",97037,553.69
"586",16836,571.22
"587",83304,759.15
"588",41417,251.22
"589",16689,630.99
"590",63201,376.79
"591",60591,172.81
"592",27210,26.3
"593",8369,545.34
"594",32309,665.25
"595",30750,338.36
"596",11502,147.89
"597",93226,376.55
"598",91073,281.47
"599",20229,490.44
"600",65392,501.74
"601",64917,103.37
"602",72544,427.06
"603",77057,536.63
"604",94050,144.77
"605",19938,544.16
"606",27905,868.59
"607",61083,173.17
"608",54696,333.92
"609",80570,542.07
"610",7851,407.09
"611",27452,322.19
"612",25648,183.91
"613",52317,177.37
"614",81774,32.81
"615",65398,534.57
"616",140,347.78
"617",58475,169.9
"618",80241,274.84
"619",5388,607.6
"620",56532,268.9
"621",57047,419.24
"622",75453,499.18
"623",99538,486.18
"624",73468,930.16
"625",51619,274.09
"626",97070,909.19
"627",82635,296.29
"628",24203,365.32
"629",53181,385.2
"630",29639,381.79
"631",99263,152.78
"632",18662,463.94
"633",75034,406.42
"634",92541,244.31
"635",8709,767.78
"636",98761,564.8
"637",61629,252.48
"638",11783,238.21
"639",42800,893.41
"640",45342,408.83
"641",58370,182.14
"642",82311,165.89
"643",15871,69.81
"644",67362,590.27
"645",99218,693.17
"646",40763,800.81
"647",7353,388.45
"648",12379,209.45
"649",58576,79.7
"650",21842,117.59
"651",38054,484.27
"652",96911,652.39
"653",80986,248.38
"654",35553,221.38
"655",85834,665.15
"656",11067,140.44
"657",21849,514.78
"658",86118,558.87
"659",64847,217.14
"660",47485,773.14
"661",10080,530.24
"662",32500,118.29
"663",21503,104.32
"664",32486,354.77
"665",37356,80.09
"666",60285,417.2
"667",81863,243.14
"668",31451,622.51
"669",20499,305.3
"670",82675,383.78
"671",36859,542.31
"672",37946,412.46
"673",13600,284.76
"674",50338,346.82
"675",79219,338.41
"676",82901,428.55
"677",85062,302.78
"678",85096,194.3
"679",20237,669.75
"680",77798,392.84
"681",75644,300.11
"682",98531,159.5
"683",86512,484.48
"684",90641,347.52
"685",40164,400.55
"686",92723,345.42
"687",53797,258.49
"688",45225,284.03
"689",59806,401.22
"690",67855,171.99
"691",71778,289.24
"692",14668,484.19
"693",52164,395.91
"694",66059,496.61
"695",31283,196.44
"696",62034,540.66
"697",44249,389.97
"698",98713,384.1
"699",64305,319.68
"700",29683,239.26
"701",65772,538.94
"702",52061,309.69
"703",82570,808.04
"704",25087,501.51
"705",21900,919
"706",7246,418.32
"707",99626,170.01
"708",27474,204.7
"709",47524,186.95
"710",66386,602.31
"711",79101,832.79
"712",21572,449.83
"713",87348,92.06
"714",52227,318.59
"715",99012,313.75
"716",12815,873.43
"717",23123,361.01
"718",49492,142.41
"719",64893,234.73
"720",821,342.25
"721",18869,280.47
"722",85841,395.38
"723",34745,197.08
"724",1000,298.96
"725",53534,898.06
"726",88247,263.74
"727",1570,321.75
"728",34803,328.56
"729",30890,260.9
"730",12934,325.3
"731",4782,311.33
"732",43722,430.65
"733",78151,268.18
"734",2309,135.77
"735",78676,346.28
"736",60115,252.19
"737",80847,717.5
"738",89778,440.48
"739",72671,533.56
"740",96915,193.65
"741",69257,649.24
"742",4238,224.08
"743",91066,424.74
"744",65857,450.87
"745",49650,831.95
"746",34265,362.2
"747",60942,442.12
"748",79897,364.13
"749",85033,264.85
"750",74909,240.84
"751",81641,374.63
"752",4261,214.07
"753",66560,331.95
"754",19191,487.99
"755",11458,265.53
"756",11563,263.08
"757",10453,573.74
"758",17810,373.01
"759",38157,293.84
"760",36468,577.92
"761",1537,505.61
"762",72848,230.8
"763",17332,594.54
"764",8844,588.93
"765",54116,206.05
"766",30584,128.66
"767",33030,108.06
"768",64154,398.42
"769",53743,302.28
"770",82035,561.65
"771",47596,256.13
"772",8596,50.53
"773",70053,131.18
"774",88171,310.22
"775",40251,248.1
"776",92923,247.89
"777",20171,834.56
"778",35085,291.58
"779",82046,569.21
"780",77711,407.33
"781",96036,154.92
"782",16970,240.74
"783",10872,148.02
"784",91364,244.35
"785",52619,279.44
"786",74,394.25
"787",52541,369.01
"788",99493,51.78
"789",60604,307.86
"790",89715,112.19
"791",75768,348.81
"792",1666,372.59
"793",44800,262.55
"794",76865,198.12
"795",72660,366.19
"796",91424,426.3
"797",73255,858.29
"798",44256,378.99
"799",52805,357.9
"800",99551,393.05
"801",5861,186.49
"802",48334,256.34
"803",91330,304.58
"804",54656,544.05
"805",16926,200.33
"806",5981,280.11
"807",43782,217.69
"808",81225,593.87
"809",64474,220.13
"810",44946,500
"811",13118,505.56
"812",57201,513.07
"813",82711,288.93
"814",78958,381.27
"815",85353,528.35
"816",73654,213.41
"817",96857,772.72
"818",45922,1225.78
"819",64972,321.55
"820",26564,509.35
"821",56212,324.15
"822",28770,490.86
"823",27840,289.27
"824",38298,243.16
"825",26230,379.97
"826",7995,251.2
"827",21123,381.48
"828",80057,762.64
"829",65236,495.7
"830",19678,289.67
"831",28971,558.38
"832",44332,221.27
"833",53865,145.17
"834",65845,170.16
"835",41934,323.23
"836",31773,385.19
"837",60224,429.84
"838",43352,188.72
"839",25008,448.07
"840",4405,214.27
"841",30468,363.95
"842",84419,494.53
"843",92415,415.47
"844",43678,459.47
"845",59653,136.74
"846",35768,194.38
"847",41446,268.29
"848",77094,221.34
"849",46978,331.63
"850",35269,281.84
"851",61512,253.93
"852",20020,496.52
"853",93299,493.66
"854",7518,220.96
"855",76535,235.24
"856",85271,644.05
"857",26870,346.21
"858",56748,205.85
"859",26683,520.86
"860",9542,785.95
"861",49711,458.6
"862",56806,189.24
"863",11134,652.28
"864",84625,233.69
"865",50246,635.91
"866",1469,72.57
"867",83339,614.68
"868",24950,514.57
"869",19358,264.62
"870",9058,365.38
"871",7018,354.82
"872",55847,322.88
"873",57963,87.18
"874",26435,415.96
"875",82047,249.68
"876",98127,306.91
"877",29361,276.32
"878",54916,325.65
"879",14903,321.95
"880",32959,229.87
"881",99169,393.38
"882",72282,106.33
"883",33249,428.24
"884",47761,452.95
"885",86504,307
"886",85328,449.07
"887",93477,692.36
"888",7048,559.26
"889",63176,621.95
"890",51952,291.01
"891",16196,198.23
"892",81844,324.44
"893",94753,1171.55
"894",14689,249.24
"895",28012,468.85
"896",96141,370.65
"897",36965,247.12
"898",10698,845.48
"899",4447,219.46
"900",1730,449.87
"901",80910,449.2
"902",98110,617.6
"903",25837,175.87
"904",71277,294.71
"905",51617,276.16
"906",89310,110.63
"907",42638,193.54
"908",64505,802.25
"909",68796,921.52
"910",98670,51.51
"911",67506,314.29
"912",84412,270.1
"913",3976,660.59
"914",37042,115.68
"915",83355,456.1
"916",39231,381.7
"917",63335,377.3
"918",65991,245.8
"919",75063,629.91
"920",76413,297.65
"921",73208,370.28
"922",19706,672.47
"923",12566,287.61
"924",47001,380.91
"925",93879,339.84
"926",8532,169.98
"927",43451,230.42
"928",282,272.42
"929",38549,336.55
"930",85674,257.82
"931",28025,429.14
"932",84650,256.54
"933",76950,341.77
"934",24081,372.59
"935",42381,446.03
"936",46994,297.62
"937",25683,276.45
"938",12426,940.11
"939",68039,684.79
"940",9621,429.21
"941",31073,227.41
"942",84051,321.9
"943",30725,661.82
"944",16040,268.28
"945",96150,570.49
"946",54895,900.56
"947",40300,639.17
"948",93512,206.16
"949",48821,363.4
"950",8764,734.96
"951",7726,172.23
"952",46089,147.54
"953",42099,337.06
"954",38589,197.84
"955",72049,626.8
"956",99419,668.93
"957",72110,383.7
"958",47870,217.84
"959",89798,208.03
"960",72963,246.9
"961",70217,492.51
"962",13843,740.28
"963",28827,190.98
"964",13670,181.17
"965",52741,409.8
"966",78244,476.55
"967",90069,361.57
"968",2246,329.57
"969",29132,320.19
"970",41089,865.53
"971",11929,850.14
"972",64369,382.49
"973",12210,330.11
"974",55241,240.11
"975",44212,680.94
"976",31284,430.48
"977",87015,589.5
"978",96607,344.95
"979",90112,438.46
"980",86428,447.56
"981",91097,235.45
"982",56074,236.16
"983",65353,486.48
"984",8487,249.57
"985",43520,416.75
"986",35188,639.54
"987",34406,193.47
"988",10177,363.21
"989",43165,182.34
"990",28211,198.7
"991",96173,150.87
"992",47424,469.18
"993",80898,258.31
"994",95729,686.46
"995",74788,347.1
"996",48630,678.42
"997",64492,232.65
"998",83022,144.35
"999",42875,553.65
"1000",44125,203.92
"1001",26298,339.16
"1002",12316,149.46
"1003",34207,240.75
"1004",94083,112.01
"1005",31860,437.3
"1006",47602,203.09
"1007",70237,306.96
"1008",45429,489.34
"1009",97578,754.48
"1010",92166,566.01
"1011",51060,376.7
"1012",3400,239.69
"1013",66191,342.88
"1014",83116,296.45
"1015",55369,253.77
"1016",54150,212.34
"1017",50755,618.24
"1018",37504,172.7
"1019",51851,550.07
"1020",49224,275.39
"1021",99239,114.21
"1022",12753,388.51
"1023",48861,308.96
"1024",96096,161.11
"1025",38737,237.09
"1026",35682,212.03
"1027",53095,823.83
"1028",67675,231.67
"1029",13270,589.24
"1030",32164,405.54
"1031",83189,199.8
"1032",89942,322.38
"1033",27714,183.23
"1034",79440,299.11
"1035",54637,163.46
"1036",4105,575.45
"1037",11808,397.04
"1038",77534,589.52
"1039",31316,335.82
"1040",344,363.88
"1041",73209,116.22
"1042",95008,158.96
"1043",83468,571.3
"1044",60087,485.97
"1045",566,147.87
"1046",35529,242.01
"1047",86438,758.85
"1048",44673,523.2
"1049",23308,334.29
"1050",59197,796.94
"1051",63278,287.82
"1052",30309,368.94
"1053",6407,501.45
"1054",30614,699.22
"1055",66675,384.27
"1056",14931,299.14
"1057",29154,220.47
"1058",54677,199.77
"1059",80551,755.28
"1060",4034,96.66
"1061",5055,236.28
"1062",72449,183.76
"1063",90462,263.64
"1064",99993,732.09
"1065",36766,279.94
"1066",36214,363.79
"1067",47500,583.33
"1068",37569,633.59
"1069",8499,631.06
"1070",28821,557.13
"1071",29288,414.35
"1072",79901,789.97
"1073",83494,836.53
"1074",57043,642.68
"1075",38336,310.11
"1076",78091,489.4
"1077",31315,403.34
"1078",98581,254.58
"1079",60808,226.89
"1080",5401,553.58
"1081",65319,502.54
"1082",68732,357.02
"1083",42298,876.9
"1084",84835,335.27
"1085",89962,341.75
"1086",54299,380.65
"1087",57490,667.23
"1088",70874,303.71
"1089",16111,540.11
"1090",77111,650.75
"1091",33799,177.53
"1092",25693,360.27
"1093",56565,397.74
"1094",9311,373.59
"1095",92681,257.03
"1096",7398,192.97
"1097",45531,485.94
"1098",85233,686.1
"1099",30832,300.46
"1100",11161,688.87
"1101",52815,615.21
"1102",58533,372.23
"1103",78519,367.62
"1104",18923,527.82
"1105",47887,304.5
"1106",65066,301.97
"1107",56209,441.31
"1108",50725,1073.76
"1109",79838,412.33
"1110",23211,127.29
"1111",33036,555.8
"1112",69483,249.75
"1113",28178,367.64
"1114",11365,470.19
"1115",63557,268.12
"1116",17563,248.48
"1117",25171,399.75
"1118",16350,581.88
"1119",96557,610.25
"1120",87123,510.38
"1121",72856,375.16
"1122",20584,215.33
"1123",68319,324.51
"1124",39852,278.56
"1125",17785,112.01
"1126",63552,645.7
"1127",42553,371.73
"1128",11786,280.46
"1129",82263,240.65
"1130",84986,200.18
"1131",18123,340.45
"1132",38019,537.14
"1133",32321,196.09
"1134",40901,751.75
"1135",69294,174.61
"1136",79238,642.84
"1137",27835,330.91
"1138",38970,685.84
"1139",17506,156.15
"1140",5458,160.21
"1141",69174,178.04
"1142",91093,307.38
"1143",67749,333.07
"1144",85213,321.78
"1145",85385,275.95
"1146",72705,420.45
"1147",14649,857.37
"1148",14979,169.77
"1149",22843,716.26
"1150",37412,306.66
"1151",27232,306.77
"1152",30188,766.24
"1153",4919,584.12
"1154",24395,737.85
"1155",92950,731.55
"1156",43276,357.75
"1157",97993,571.17
"1158",28985,468.57
"1159",36275,321.01
"1160",36616,439.7
"1161",53723,550.32
"1162",28583,159.94
"1163",77743,402.29
"1164",32125,262.23
"1165",59189,186.49
"1166",64189,289.17
"1167",32602,159.95
"1168",50193,411.34
"1169",38541,516.02
"1170",32596,446.84
"1171",39619,747.26
"1172",5020,369.43
"1173",50870,189.31
"1174",66795,408.66
"1175",52861,107.99
"1176",54233,319
"1177",76926,731.92
"1178",49116,548.26
"1179",92595,719.44
"1180",99765,536.56
"1181",14733,257.71
"1182",10345,294.04
"1183",63430,387.55
"1184",3966,647.76
"1185",43963,375.89
"1186",2038,701.22
"1187",95137,324.5
"1188",3804,646.49
"1189",50469,443.33
"1190",16148,304.25
"1191",61808,220.35
"1192",37062,603.58
"1193",48330,933.99
"1194",31506,182.82
"1195",85943,242.66
"1196",21090,294.02
"1197",76779,612.08
"1198",90284,550.7
"1199",580,519.81
"1200",69700,453.84
"1201",13669,244.48
"1202",99021,352.38
"1203",79688,205.67
"1204",86495,211.45
"1205",56801,543.61
"1206",42567,408.57
"1207",36993,491.74
"1208",32675,413.54
"1209",5434,430.5
"1210",93656,506.59
"1211",12877,52.89
"1212",87816,636.56
"1213",18133,432.95
"1214",12827,688.28
"1215",56944,84.15
"1216",38601,215.13
"1217",74255,365.21
"1218",89447,367.23
"1219",83986,419.63
"1220",12681,120.59
"1221",77345,258.24
"1222",42628,519.24
"1223",44167,288.42
"1224",42095,290.06
"1225",76761,394.11
"1226",23198,735.87
"1227",67665,357.35
"1228",58748,580.87
"1229",173,123.05
"1230",76880,551.53
"1231",57555,410.97
"1232",35041,369.15
"1233",5324,503.95
"1234",98909,561.84
"1235",61088,226.37
"1236",19732,258.86
"1237",73288,891.39
"1238",69069,440.66
"1239",30287,343.33
"1240",35145,72.23
"1241",7457,174.3
"1242",64071,759.34
"1243",32133,646.74
"1244",12319,414.12
"1245",77159,571.27
"1246",9387,496.96
"1247",42072,500.22
"1248",48046,539.13
"1249",57764,696.32
"1250",38972,419.85
"1251",1756,513.56
"1252",7952,496.47
"1253",28198,252.25
"1254",92951,327.09
"1255",93903,263.87
"1256",59921,97
"1257",90029,99.05
"1258",75361,148.63
"1259",21513,556.8
"1260",4047,334.83
"1261",71580,456.18
"1262",67541,418.56
"1263",70694,288.46
"1264",85424,406.81
"1265",67162,788.69
"1266",52022,380.99
"1267",6771,351.53
"1268",60785,272.74
"1269",73038,859.53
"1270",769,317.21
"1271",50684,519.79
"1272",25324,92.57
"1273",41805,616.01
"1274",51733,208.87
"1275",48823,129.4
"1276",75650,50.07
"1277",97334,246.59
"1278",31480,261.68
"1279",56048,758.87
"1280",76278,294.58
"1281",30,124.44
"1282",53993,744.55
"1283",9935,307.34
"1284",6548,742.4
"1285",48714,219.41
"1286",45561,702.76
"1287",90736,417.39
"1288",43252,156.35
"1289",69109,282.86
"1290",20189,795.13
"1291",13735,86.72
"1292",57613,393.83
"1293",40156,279.08
"1294",39251,605.56
"1295",39930,738.79
"1296",64300,549.93
"1297",11343,471.04
"1298",9163,906.8
"1299",25969,262.48
"1300",15747,211.34
"1301",60970,348.48
"1302",33880,688.68
"1303",83429,106.31
"1304",57714,378.3
"1305",82701,513.15
"1306",5183,462.09
"1307",22119,344.89
"1308",81345,559.2
"1309",41463,382.67
"1310",51891,225.97
"1311",91955,398.96
"1312",71244,352.15
"1313",94615,820.49
"1314",26017,273.53
"1315",17098,252.57
"1316",7687,980.55
"1317",28529,471.97
"1318",32135,749.53
"1319",25951,457.97
"1320",41679,100.43
"1321",87516,410.28
"1322",23305,605.12
"1323",10168,558.19
"1324",85806,200.7
"1325",10518,247.19
"1326",76335,221.43
"1327",30772,186.13
"1328",95097,526.89
"1329",32940,388.31
"1330",95339,144.64
"1331",63696,346.54
"1332",30593,278.41
"1333",46168,236.21
"1334",87688,388.63
"1335",77871,812.13
"1336",78881,806.01
"1337",89768,130.62
"1338",14093,171.11
"1339",26151,222.63
"1340",754,395.82
"1341",7277,251.37
"1342",71371,688.71
"1343",5841,299.66
"1344",54849,189.34
"1345",73814,638.57
"1346",17503,258.83
"1347",71979,249
"1348",55839,325.53
"1349",52733,589.18
"1350",24727,715.09
"1351",4144,154.92
"1352",93474,371.55
"1353",38764,383.37
"1354",19517,340.07
"1355",83096,534.88
"1356",68454,518.82
"1357",71265,561.14
"1358",34579,749.23
"1359",72357,419.98
"1360",77245,379.74
"1361",18653,700.78
"1362",79072,338.12
"1363",13774,684.14
"1364",79125,255.44
"1365",95475,133.16
"1366",30644,476.96
"1367",36587,282.32
"1368",8070,938.12
"1369",80158,278.62
"1370",2162,256.01
"1371",68134,1109.19
"1372",59757,177.25
"1373",33231,226.74
"1374",25189,545.88
"1375",76850,567.95
"1376",5601,474.07
"1377",21191,473.03
"1378",2046,202.89
"1379",26211,542.82
"1380",64498,311.05
"1381",80163,500.43
"1382",57302,524.91
"1383",83336,656.34
"1384",9490,238.22
"1385",20959,251.8
"1386",61765,345.37
"1387",56444,296.37
"1388",58181,273.21
"1389",69287,336.42
"1390",24659,487.48
"1391",19991,655.12
"1392",13,568.83
"1393",2474,180.32
"1394",99831,274
"1395",13305,157.5
"1396",25836,314.19
"1397",70085,322.5
"1398",79116,467.72
"1399",38653,253.31
"1400",79305,530.44
"1401",98961,579.26
"1402",55381,900.38
"1403",90205,266.18
"1404",40819,189.45
"1405",13472,360.05
"1406",54833,165.68
"1407",12020,465.3
"1408",67479,317.78
"1409",8094,378.87
"1410",75633,466.78
"1411",25900,335.35
"1412",29086,272.33
"1413",157,501.79
"1414",57698,251.33
"1415",65540,356.03
"1416",71867,58.05
"1417",20236,366.83
"1418",45828,788.28
"1419",6928,208.86
"1420",62591,389.72
"1421",88454,856.28
"1422",53915,583.62
"1423",10842,431.2
"1424",73509,266.04
"1425",70143,320.19
"1426",45983,275.68
"1427",30544,376.15
"1428",33462,713.04
"1429",33455,329.49
"1430",74865,383.25
"1431",72138,608.55
"1432",99426,437.56
"1433",83748,153.2
"1434",89492,562.64
"1435",27246,345.98
"1436",75139,181.02
"1437",13214,994.44
"1438",70991,270.13
"1439",62758,535.66
"1440",43868,576.5
"1441",22771,244.28
"1442",24329,149.44
"1443",83122,433.41
"1444",80192,163.6
"1445",47918,330.7
"1446",79159,358.62
"1447",34926,439.76
"1448",67036,360.85
"1449",52233,240.71
"1450",58562,242.99
"1451",18684,309.6
"1452",89163,252.9
"1453",13325,754.25
"1454",56670,494.14
"1455",60630,681.91
"1456",77533,648.86
"1457",61930,290.99
"1458",92684,299.69
"1459",53147,537.18
"1460",74303,228.39
"1461",76112,701.24
"1462",75782,100.39
"1463",40897,262.22
"1464",38435,345.44
"1465",87310,240.81
"1466",62477,177.29
"1467",75501,242.65
"1468",47527,299.8
"1469",42184,194.88
"1470",10305,648.7
"1471",64683,513.09
"1472",71354,582.52
"1473",51548,307.11
"1474",83225,221.15
"1475",41974,726.26
"1476",58850,450.37
"1477",21935,526.04
"1478",35595,442.87
"1479",98927,278.82
"1480",38685,350.41
"1481",49684,288.12
"1482",24230,216.46
"1483",42685,168.11
"1484",22325,203.85
"1485",49120,348.27
"1486",3552,453.89
"1487",45542,339.63
"1488",64475,234
"1489",8019,769.5
"1490",40983,477.78
"1491",85526,591.02
"1492",81443,543.8
"1493",90167,855.62
"1494",12016,514.85
"1495",33027,744.17
"1496",46707,210.87
"1497",13905,889.15
"1498",96565,511.2
"1499",99030,539.68
"1500",8103,319.08
"1501",64874,508.59
"1502",70499,224.45
"1503",26904,498.97
"1504",68091,205.69
"1505",48139,718.58
"1506",4027,621.97
"1507",40274,826.63
"1508",5737,883.88
"1509",75412,343.75
"1510",58,412.04
"1511",17899,239.15
"1512",54612,238.78
"1513",60042,794.93
"1514",598,302.77
"1515",38713,753.11
"1516",57702,428.87
"1517",86084,461.74
"1518",7652,846.99
"1519",49287,232.96
"1520",40969,293.84
"1521",27918,337.5
"1522",94689,840.28
"1523",38880,655.94
"1524",14016,281.76
"1525",9212,290.91
"1526",63954,398.16
"1527",71669,164.2
"1528",6481,240.01
"1529",97209,509.94
"1530",79595,622.4
"1531",47805,276.46
"1532",82902,583.95
"1533",31051,308.53
"1534",36945,714.02
"1535",23799,338.19
"1536",24899,602.76
"1537",72466,514.16
"1538",16274,424.85
"1539",46214,415.49
"1540",50334,441.46
"1541",21839,340.02
"1542",57174,449.24
"1543",11883,191.51
"1544",35023,193.3
"1545",89188,305.53
"1546",38314,489.4
"1547",18858,416.94
"1548",57,563.78
"1549",93706,195.05
"1550",54,296.07
"1551",7063,577.17
"1552",4120,233.88
"1553",25132,355.86
"1554",83785,160.34
"1555",50856,177.59
"1556",6242,879.02
"1557",50237,666.61
"1558",96300,385.12
"1559",38190,238.51
"1560",22651,412.1
"1561",45598,509.75
"1562",95723,242.12
"1563",98793,249.27
"1564",34202,626.36
"1565",66118,147.14
"1566",50703,110.76
"1567",719,445.56
"1568",16885,116.05
"1569",76644,234.03
"1570",47936,521.42
"1571",83341,165.99
"1572",26525,941.47
"1573",89757,460.67
"1574",39905,622.61
"1575",88180,359.32
"1576",96972,269.96
"1577",13497,381.3
"1578",68766,314.59
"1579",62317,309.74
"1580",78007,462.82
"1581",8223,652.17
"1582",251,329.46
"1583",31698,236.14
"1584",77108,515.81
"1585",26926,586.31
"1586",98342,155.36
"1587",5143,167.73
"1588",17547,106.06
"1589",87528,196.42
"1590",97834,294.9
"1591",27986,632.11
"1592",81268,320.05
"1593",70351,767.47
"1594",7569,241.57
"1595",80674,340.72
"1596",77832,205.35
"1597",81191,137.56
"1598",63646,668.76
"1599",62573,282.96
"1600",12604,973.75
"1601",59234,377.69
"1602",33389,128.13
"1603",10907,344.23
"1604",29538,663.33
"1605",9296,360.13
"1606",60760,715.14
"1607",12378,346.78
"1608",64241,383.5
"1609",51932,238.43
"1610",42100,434
"1611",10019,191.18
"1612",11739,446.29
"1613",54128,265.98
"1614",45633,282.91
"1615",42859,598.07
"1616",68236,193.05
"1617",68378,430.46
"1618",52545,504.44
"1619",2169,102.68
"1620",269,342.03
"1621",94783,240.22
"1622",48921,480.79
"1623",47899,103.86
"1624",97783,197.19
"1625",17408,314.02
"1626",52590,540.05
"1627",98301,429.07
"1628",75784,364.3
"1629",41471,576.28
"1630",59148,542.56
"1631",66109,517.77
"1632",85405,576.76
"1633",60678,277.26
"1634",89753,315.3
"1635",21057,390.91
"1636",79234,302.45
"1637",8383,215.13
"1638",82772,143.31
"1639",39570,307.54
"1640",87617,259.97
"1641",16821,801.99
"1642",71425,228.45
"1643",35367,219.47
"1644",28997,300.1
"1645",93238,276.08
"1646",6686,343.83
"1647",27653,330.51
"1648",79250,347.55
"1649",16943,255.92
"1650",50867,350.84
"1651",20876,204.21
"1652",79563,318.26
"1653",49850,316.94
"1654",30242,199.4
"1655",88007,284.7
"1656",49114,525.33
"1657",49285,551
"1658",88110,277.39
"1659",31600,355.02
"1660",62551,463.69
"1661",6006,148.55
"1662",70967,265.46
"1663",35706,308.4
"1664",38368,223.3
"1665",93835,457.25
"1666",92566,251.98
"1667",80955,275.06
"1668",39990,788
"1669",49325,790.31
"1670",91213,152.57
"1671",7074,112.57
"1672",53193,362.19
"1673",1679,646.61
"1674",58332,458.72
"1675",65816,321.77
"1676",56714,733.25
"1677",2621,319.88
"1678",86750,321.62
"1679",16014,123
"1680",68772,392.89
"1681",38316,326.48
"1682",71133,305.77
"1683",80283,433.12
"1684",48415,480.61
"1685",20736,407.24
"1686",1160,497.47
"1687",65385,386.94
"1688",67886,422.12
"1689",62668,329.11
"1690",47908,348.02
"1691",4735,543.87
"1692",11995,904.98
"1693",58329,272.29
"1694",85907,394.43
"1695",65867,307.69
"1696",53855,632.64
"1697",35289,304.04
"1698",40246,205.75
"1699",8437,194.89
"1700",54113,367.27
"1701",399,319.04
"1702",83784,389.55
"1703",50655,238.34
"1704",52191,427.71
"1705",30418,116.33
"1706",84728,384.8
"1707",85734,337.15
"1708",81853,769.16
"1709",39391,476.28
"1710",69581,403.13
"1711",56925,449.72
"1712",44122,401
"1713",61468,161.49
"1714",22544,301.36
"1715",12080,550.83
"1716",36964,156.97
"1717",64885,315.7
"1718",11523,161.8
"1719",29042,284.1
"1720",48169,379.96
"1721",35982,829.17
"1722",78723,501.59
"1723",59734,105.07
"1724",21931,437.69
"1725",3954,327.28
"1726",93051,450.88
"1727",40339,303.32
"1728",57674,349.28
"1729",78779,608.02
"1730",64142,202.72
"1731",9392,843.32
"1732",28358,729.23
"1733",92959,231.56
"1734",19188,264.74
"1735",85129,620.45
"1736",92145,410.56
"1737",57322,241.7
"1738",24275,721.75
"1739",7710,531.54
"1740",70577,614.72
"1741",69825,745.85
"1742",3751,293.93
"1743",52285,220.61
"1744",14398,440.64
"1745",29680,262.45
"1746",36188,258.38
"1747",36265,419.26
"1748",78666,195.23
"1749",3959,359.42
"1750",77772,681.34
"1751",44422,487.9
"1752",93244,470.64
"1753",57087,128.89
"1754",10054,369.34
"1755",61607,389.75
"1756",36462,926.01
"1757",40708,252.93
"1758",32076,187.35
"1759",79044,422.08
"1760",82825,348.9
"1761",77030,359.64
"1762",93260,406.67
"1763",43831,397.29
"1764",33315,365.65
"1765",9101,342.48
"1766",7993,147.13
"1767",41498,308.92
"1768",51105,194.61
"1769",67174,364.6
"1770",14678,268.94
"1771",79422,145.55
"1772",71607,540.71
"1773",24364,460.75
"1774",87258,157.68
"1775",46621,148.01
"1776",4218,361.63
"1777",23651,162.18
"1778",1604,776.25
"1779",46277,190.57
"1780",45095,650.06
"1781",65690,292.33
"1782",71296,369.37
"1783",78307,682.41
"1784",79855,462.62
"1785",64388,377.16
"1786",14140,775.99
"1787",24260,453.7
"1788",67496,491.41
"1789",9670,355.26
"1790",49344,319.8
"1791",6154,285.42
"1792",80950,309.55
"1793",52967,391.3
"1794",95935,447.68
"1795",95165,454.41
"1796",7557,587.46
"1797",87574,451.51
"1798",95520,157.54
"1799",62961,443.82
"1800",16138,104.48
"1801",11619,497.71
"1802",94145,290.32
"1803",56776,1059.41
"1804",3210,153.84
"1805",27512,158.11
"1806",55225,822.25
"1807",9156,143.26
"1808",40471,438.74
"1809",84511,305.66
"1810",12830,419.52
"1811",23904,516.94
"1812",90897,725.39
"1813",71016,506.68
"1814",6468,509.42
"1815",11184,292.56
"1816",5668,545.66
"1817",64081,580.3
"1818",68594,296.08
"1819",97153,582.12
"1820",82309,796.31
"1821",41689,639.42
"1822",65326,484.13
"1823",27509,178.31
"1824",95824,184.68
"1825",29448,386.49
"1826",43250,939.69
"1827",38946,517.88
"1828",2952,368.93
"1829",21343,490.59
"1830",52376,349.55
"1831",59661,190.45
"1832",30701,1026.71
"1833",54544,120.58
"1834",994,685.99
"1835",86634,154.13
"1836",8446,373.85
"1837",80187,116.68
"1838",57143,105.63
"1839",37044,654.61
"1840",76633,259.95
"1841",94729,207.03
"1842",55567,518.98
"1843",20888,730.97
"1844",79061,565.64
"1845",35279,455.57
"1846",82307,80.71
"1847",39946,290.38
"1848",21107,210.85
"1849",38576,484.25
"1850",7976,472.74
"1851",11978,468.95
"1852",71713,507.17
"1853",85193,312.87
"1854",60750,247.16
"1855",27129,270.93
"1856",76131,198.23
"1857",23795,378.97
"1858",78043,664.6
"1859",35790,92.34
"1860",21985,228.2
"1861",21654,293.37
"1862",49780,551.11
"1863",89313,103.32
"1864",35741,213.39
"1865",82281,317.97
"1866",74600,434.29
"1867",7416,147.98
"1868",75541,373.17
"1869",41920,362.33
"1870",44414,749.47
"1871",49457,468.1
"1872",25305,271.1
"1873",58059,314.48
"1874",80544,693.17
"1875",39600,516.93
"1876",56526,311.43
"1877",78011,583.89
"1878",91889,158.33
"1879",47306,457.51
"1880",97540,354.4
"1881",99302,573.26
"1882",86500,261.67
"1883",99497,512.31
"1884",70788,463.32
"1885",37358,474.71
"1886",35118,328.41
"1887",57162,188.85
"1888",53480,383.79
"1889",2215,545.14
"1890",53385,411.07
"1891",37757,430.09
"1892",44930,171.62
"1893",93556,375.68
"1894",18105,298.81
"1895",2885,285
"1896",146,330.12
"1897",64344,78.66
"1898",79264,384.27
"1899",46527,179.81
"1900",23880,400
"1901",80492,239.05
"1902",23139,820.33
"1903",74570,363.44
"1904",32618,278.82
"1905",55003,774.27
"1906",13778,357.44
"1907",23230,419.75
"1908",11919,322.96
"1909",69132,283.92
"1910",40019,741.36
"1911",38652,726.98
"1912",94914,646.29
"1913",26261,661.28
"1914",46023,327.74
"1915",65841,533.44
"1916",53565,266.37
"1917",20537,564.49
"1918",69379,594.71
"1919",56816,302.65
"1920",89453,271.91
"1921",30623,628.4
"1922",6716,909.33
"1923",30311,207.73
"1924",65156,309.16
"1925",47874,291.62
"1926",29153,456.08
"1927",27340,659.18
"1928",35832,592.51
"1929",62807,347.88
"1930",3524,559.99
"1931",53318,434.7
"1932",56641,590.46
"1933",13791,225.3
"1934",88562,464.47
"1935",51924,294.94
"1936",73842,421.02
"1937",5785,726.32
"1938",35525,366.94
"1939",39580,499.58
"1940",9599,461.5
"1941",75669,526.21
"1942",98561,294.24
"1943",43807,727.85
"1944",48532,450.44
"1945",52241,540.96
"1946",39147,755.67
"1947",53306,374.17
"1948",4471,401.53
"1949",56012,581.22
"1950",26155,351.75
"1951",27769,425.57
"1952",94787,257.39
"1953",91577,477.17
"1954",39591,159.02
"1955",84289,512.69
"1956",7918,239.33
"1957",22599,536.21
"1958",27256,314.22
"1959",68903,281.88
"1960",5643,203.29
"1961",96558,265.52
"1962",46814,387.67
"1963",75649,423.29
"1964",92804,272.72
"1965",2155,399.86
"1966",57870,592.1
"1967",88886,294.39
"1968",90792,587.5
"1969",12380,469.55
"1970",79265,357.21
"1971",69719,377.46
"1972",47337,330.6
"1973",3508,405.51
"1974",26287,391.54
"1975",97309,654.59
"1976",85588,535.51
"1977",67741,353.28
"1978",9709,111.07
"1979",86489,491.35
"1980",70354,373.26
"1981",13436,324.07
"1982",6239,403.28
"1983",47127,243.28
"1984",98238,293.13
"1985",30681,163.37
"1986",55540,407.67
"1987",33457,425.57
"1988",14729,144.69
"1989",56389,272.77
"1990",85575,248.81
"1991",8143,470.77
"1992",82536,409.13
"1993",42049,745.19
"1994",2640,202.92
"1995",2740,714.23
"1996",10538,367.36
"1997",69970,545.89
"1998",50028,417.05
"1999",98048,307.61
"2000",27487,679.8
"2001",37408,711.79
"2002",66677,226.62
"2003",81413,354.77
"2004",70246,316.38
"2005",36844,272.96
"2006",25134,641.48
"2007",36380,559.63
"2008",78718,339.03
"2009",2933,517.89
"2010",5590,676.34
"2011",50165,846.39
"2012",76500,420.85
"2013",78060,508.97
"2014",68924,331.87
"2015",56024,284.23
"2016",74219,202.69
"2017",44693,270.1
"2018",50079,442.09
"2019",56402,299.12
"2020",52311,1029.3
"2021",77179,706
"2022",80369,488.43
"2023",88010,372.12
"2024",44156,268.2
"2025",5743,376.4
"2026",21217,172.91
"2027",6357,394.86
"2028",56086,529.97
"2029",13387,663.86
"2030",21019,347.57
"2031",91278,389.86
"2032",72664,627.35
"2033",99848,80.19
"2034",7826,879.18
"2035",37446,168.42
"2036",18587,685.75
"2037",74155,347.18
"2038",8623,305.45
"2039",80768,690.43
"2040",27457,634.21
"2041",13683,381.64
"2042",89540,490.73
"2043",21676,417.38
"2044",82844,416.53
"2045",45416,381.05
"2046",98989,512.66
"2047",74167,329.61
"2048",51071,343.4
"2049",12113,276.25
"2050",61616,627.28
"2051",90165,286.43
"2052",50642,616.12
"2053",64540,692.08
"2054",69482,404.9
"2055",61205,119.92
"2056",56834,389.09
"2057",90498,150.93
"2058",35189,337.29
"2059",27138,641.17
"2060",72231,423.53
"2061",79899,723.34
"2062",76168,332.34
"2063",64112,447.64
"2064",96344,268.94
"2065",93898,245.64
"2066",16346,593.33
"2067",33876,438.44
"2068",7017,373.5
"2069",91323,566.32
"2070",73214,357.5
"2071",37808,528.99
"2072",92569,517.14
"2073",6244,234.81
"2074",14196,270.45
"2075",29742,554.85
"2076",72265,280.32
"2077",36757,117.56
"2078",49834,489.9
"2079",86845,538.75
"2080",4632,443.93
"2081",18736,415
"2082",19585,551.12
"2083",77346,504.36
"2084",24103,409.05
"2085",16829,392.71
"2086",99407,659.84
"2087",96492,1109.32
"2088",64999,370.32
"2089",89961,337.64
"2090",11548,377.04
"2091",39783,367.49
"2092",43578,368.73
"2093",22819,469.73
"2094",49315,629.13
"2095",62676,563.74
"2096",23624,876.04
"2097",53186,642.34
"2098",10758,131.25
"2099",77292,349.68
"2100",90852,244.36
"2101",44331,497.27
"2102",18608,1090.25
"2103",48652,497.21
"2104",32956,291.11
"2105",68519,354.71
"2106",92943,666.35
"2107",18462,455.08
"2108",11044,821.93
"2109",29078,325.89
"2110",67930,426.47
"2111",52300,293.58
"2112",37961,881.96
"2113",19607,452.98
"2114",88773,318.88
"2115",33314,494.74
"2116",66961,198.18
"2117",95102,477
"2118",99274,816.62
"2119",7603,409.08
"2120",22202,821.17
"2121",25645,445.63
"2122",30454,459.42
"2123",77731,307.83
"2124",9310,98.55
"2125",9940,317.13
"2126",58590,181.5
"2127",76164,341.01
"2128",83612,392.55
"2129",37260,466.91
"2130",5838,411.59
"2131",4932,403.42
"2132",36387,298.45
"2133",37602,483.2
"2134",60030,456.56
"2135",72040,509.04
"2136",91811,560.45
"2137",51250,572.45
"2138",49847,360.9
"2139",91265,626.82
"2140",19936,776.33
"2141",41507,384.86
"2142",53527,473.05
"2143",27577,263.95
"2144",45042,739.72
"2145",45916,542.97
"2146",21553,394.81
"2147",69396,433.44
"2148",64891,341.1
"2149",25056,344.4
"2150",43001,607.21
"2151",11702,604.13
"2152",4911,261.76
"2153",43231,308.53
"2154",91342,118.2
"2155",37340,340.58
"2156",43583,429.47
"2157",43474,242.45
"2158",4152,96.21
"2159",3653,492.39
"2160",53381,240.17
"2161",84738,303.82
"2162",59794,238.25
"2163",96806,430.27
"2164",17282,377.3
"2165",46940,431.74
"2166",24860,511.7
"2167",70241,331.58
"2168",16092,595.35
"2169",1087,450.16
"2170",11006,337.57
"2171",93016,583.64
"2172",36735,500.01
"2173",67066,528.8
"2174",90260,625.98
"2175",54742,409.75
"2176",60070,386.81
"2177",9517,454.02
"2178",81326,839.21
"2179",51445,667.81
"2180",79968,544.51
"2181",32475,567.86
"2182",83031,94.43
"2183",39429,338.23
"2184",25714,1020.41
"2185",79920,235.3
"2186",20300,619.51
"2187",24333,213.97
"2188",4072,625.38
"2189",42699,266.45
"2190",23429,251.73
"2191",23899,304.8
"2192",96548,218.04
"2193",89626,308.72
"2194",67116,408.41
"2195",46807,344.29
"2196",94001,249.99
"2197",48009,931.1
"2198",76862,447.29
"2199",87666,544.79
"2200",46411,440.99
"2201",7322,238.66
"2202",61787,65.07
"2203",42103,191.35
"2204",80374,203.17
"2205",20013,251.11
"2206",50211,291.67
"2207",74725,446.75
"2208",61540,963.53
"2209",25564,286.6
"2210",18195,34.18
"2211",12308,229.11
"2212",15086,440.22
"2213",49598,420.93
"2214",72144,427.06
"2215",43034,278.83
"2216",93729,396.29
"2217",20258,561.55
"2218",72706,169.46
"2219",13173,283.69
"2220",53398,448.74
"2221",24921,616.8
"2222",44282,76.96
"2223",76909,310.78
"2224",67747,201.92
"2225",12855,481.16
"2226",25770,314.06
"2227",86909,399.8
"2228",98556,539.99
"2229",74495,327.98
"2230",96226,332.85
"2231",19085,603.31
"2232",29045,226.09
"2233",25451,311.32
"2234",99531,233.45
"2235",97996,363.2
"2236",16006,676.14
"2237",50692,381.26
"2238",60413,418.78
"2239",44352,503.21
"2240",26972,267.37
"2241",91121,459.71
"2242",61831,508.63
"2243",57582,315.93
"2244",17423,598.4
"2245",96875,210.19
"2246",94379,177.41
"2247",64168,449.07
"2248",44975,890.46
"2249",51156,154.55
"2250",35996,153.27
"2251",62907,339.93
"2252",39363,324.43
"2253",14453,269.17
"2254",88273,292.21
"2255",63601,234.12
"2256",4647,698.37
"2257",80386,553.69
"2258",21871,91.14
"2259",86731,281.14
"2260",94600,717.11
"2261",22012,213.98
"2262",40775,96.61
"2263",43902,388.92
"2264",68502,494.87
"2265",52635,439.56
"2266",97581,443.5
"2267",67488,454.31
"2268",58790,558.3
"2269",37997,469.69
"2270",76945,141.24
"2271",61791,272.74
"2272",76321,593.5
"2273",54661,295.75
"2274",82950,389.15
"2275",60271,502.81
"2276",80154,282.91
"2277",83281,459.14
"2278",70844,436.41
"2279",27002,408.25
"2280",45961,450.3
"2281",92920,197.02
"2282",77556,529.52
"2283",81229,285.24
"2284",51438,330.19
"2285",42337,784.74
"2286",52921,582.67
"2287",14825,364.88
"2288",32241,679.08
"2289",34881,1041.99
"2290",79659,590.01
"2291",40448,559.42
"2292",20598,184.38
"2293",43449,339.77
"2294",75486,430.68
"2295",34895,371.89
"2296",89892,317.78
"2297",45165,481.48
"2298",7714,505.16
"2299",65455,200.34
"2300",98955,349.99
"2301",93518,326.21
"2302",47135,469.69
"2303",56953,649.55
"2304",46996,210.79
"2305",75167,485.95
"2306",93548,439.82
"2307",95785,244.49
"2308",23489,304.17
"2309",12499,282.66
"2310",96158,469.93
"2311",85014,1189.66
"2312",84387,213.17
"2313",42056,266.6
"2314",62125,306.91
"2315",63191,552.09
"2316",59229,325.9
"2317",82429,278.87
"2318",11857,360.57
"2319",2919,151.3
"2320",93026,303.1
"2321",66156,508.28
"2322",36306,493.42
"2323",18852,458.08
"2324",432,593.65
"2325",71701,272.79
"2326",14312,76.93
"2327",12861,507.53
"2328",11340,279.92
"2329",29919,681.1
"2330",14697,220.59
"2331",14405,359.2
"2332",60530,410.66
"2333",6230,349.17
"2334",38461,588.4
"2335",99604,338.93
"2336",38977,358.77
"2337",11324,400.68
"2338",60368,645.5
"2339",53864,740.7
"2340",9063,700.38
"2341",84318,292.3
"2342",42867,395.2
"2343",21032,150.31
"2344",38791,141.22
"2345",10137,243.26
"2346",42475,876
"2347",75616,623.7
"2348",67395,745.18
"2349",97211,345.83
"2350",12522,864.4
"2351",60490,390.94
"2352",20634,779.02
"2353",1595,615.56
"2354",1692,607.25
"2355",49165,514.31
"2356",77844,362.98
"2357",76446,88.22
"2358",63287,235.61
"2359",97117,344.28
"2360",28760,543.34
"2361",91144,414.3
"2362",90643,428.34
"2363",41656,779.17
"2364",97399,241.98
"2365",89719,549.26
"2366",78562,329.04
"2367",24000,607.41
"2368",35369,418.24
"2369",49157,911.21
"2370",8061,363.44
"2371",67153,251.75
"2372",99933,206.9
"2373",19372,134.08
"2374",29274,373.02
"2375",44472,557.61
"2376",5397,333.9
"2377",27332,302.33
"2378",40176,648
"2379",118,559.19
"2380",31708,515.65
"2381",80230,664.36
"2382",93165,189.42
"2383",48478,254.6
"2384",39052,247.62
"2385",26221,120.52
"2386",20205,570.45
"2387",30960,89.73
"2388",46490,388.4
"2389",23549,718.86
"2390",82537,800.67
"2391",22064,512.02
"2392",72076,695.62
"2393",52103,585.03
"2394",4528,231.89
"2395",16861,668.15
"2396",85195,847.81
"2397",84079,251.88
"2398",40967,398.25
"2399",52199,308.89
"2400",76656,497.55
"2401",54631,192.73
"2402",68435,418.05
"2403",65112,408.75
"2404",10939,603.85
"2405",23934,174.33
"2406",69953,607.62
"2407",29355,896.75
"2408",99617,255.23
"2409",45373,251.31
"2410",70820,189.73
"2411",27007,583.79
"2412",42588,340.33
"2413",86415,275.15
"2414",54377,435.88
"2415",49829,315.8
"2416",47910,654.87
"2417",83171,304.1
"2418",87743,347.99
"2419",19299,261.63
"2420",58501,386.36
"2421",37991,450.43
"2422",7886,733.21
"2423",78163,988.75
"2424",47728,454.5
"2425",82692,202.95
"2426",8332,611.8
"2427",14972,238.42
"2428",92106,209.3
"2429",4549,345.32
"2430",60885,493.77
"2431",85325,353.06
"2432",89205,480.29
"2433",60855,728.16
"2434",32174,207.65
"2435",37248,1041.44
"2436",36797,455.83
"2437",99028,336.35
"2438",6131,201.9
"2439",94088,321.86
"2440",26708,262.6
"2441",96959,712.32
"2442",92363,274.13
"2443",8864,250.63
"2444",4902,430.53
"2445",85936,268.63
"2446",91651,297.65
"2447",98831,508.37
"2448",42192,409.64
"2449",10946,373.45
"2450",69823,793.26
"2451",86157,157.45
"2452",53304,346.7
"2453",95755,295.58
"2454",91866,73.8
"2455",91983,467.72
"2456",45741,325.1
"2457",13732,306.42
"2458",74773,244.58
"2459",68310,283.62
"2460",86632,231.01
"2461",84098,570.58
"2462",95317,633.66
"2463",7396,596.74
"2464",90004,494.37
"2465",16338,405.92
"2466",74787,399.86
"2467",17201,822.73
"2468",7117,271.6
"2469",63268,420.54
"2470",68187,289.23
"2471",9767,152.19
"2472",98756,104.55
"2473",63825,795.72
"2474",84651,702.38
"2475",17997,173.73
"2476",6122,762.65
"2477",80031,196.85
"2478",77392,550.24
"2479",54972,390.33
"2480",59721,616.23
"2481",27786,582.91
"2482",4852,314.74
"2483",18734,324.61
"2484",79252,132.9
"2485",77782,323.99
"2486",72681,651.26
"2487",76211,366.71
"2488",19609,514.89
"2489",55292,317.54
"2490",71797,412.95
"2491",29219,330.18
"2492",9890,367.68
"2493",20542,461.62
"2494",20307,478.7
"2495",7538,183.46
"2496",2139,355.19
"2497",44020,554.92
"2498",92962,59.46
"2499",3300,281.07
"2500",32535,431.96
"2501",82438,481.47
"2502",37590,238.34
"2503",89149,266.5
"2504",68151,464.06
"2505",78346,478.69
"2506",13137,160.23
"2507",17741,339.05
"2508",55666,426.33
"2509",35103,260.99
"2510",94134,462.6
"2511",85184,201.06
"2512",27583,105.15
"2513",71123,304.56
"2514",39672,463.91
"2515",21808,1011.39
"2516",68230,137.18
"2517",99015,281.38
"2518",27217,608.28
"2519",59845,644.84
"2520",35518,441.44
"2521",20853,734.19
"2522",37458,554.27
"2523",10883,132.14
"2524",82390,302.97
"2525",57529,637.65
"2526",37668,121.49
"2527",95372,402.76
"2528",76399,469.06
"2529",15748,423.05
"2530",28581,438.41
"2531",49963,455.5
"2532",96315,239.26
"2533",47739,486.44
"2534",95715,457.42
"2535",34193,283.88
"2536",94242,364.22
"2537",10123,555.12
"2538",44451,259.26
"2539",22516,507.16
"2540",64553,432.18
"2541",90331,220.87
"2542",95807,153.56
"2543",34334,327.01
"2544",99279,274.91
"2545",14879,397.79
"2546",45607,274.75
"2547",56940,333.5
"2548",21144,509.94
"2549",60214,627.62
"2550",32966,407.79
"2551",82826,326.83
"2552",53789,444.43
"2553",49910,272.06
"2554",9430,251.71
"2555",25955,832.6
"2556",805,371.72
"2557",94445,657.88
"2558",16188,649.78
"2559",22829,229.41
"2560",72951,341.16
"2561",42948,282.39
"2562",56996,599.29
"2563",45868,222.34
"2564",73936,1107.89
"2565",62581,377.49
"2566",38061,267.53
"2567",6995,355.15
"2568",20055,284.27
"2569",94316,478.1
"2570",71332,599.73
"2571",51588,464.81
"2572",83160,473.86
"2573",32444,133.1
"2574",99146,353.19
"2575",23322,378.66
"2576",56579,446.18
"2577",1308,534.6
"2578",53798,411.6
"2579",12112,394
"2580",92808,330.02
"2581",12247,299.77
"2582",20108,293.31
"2583",93767,695.46
"2584",14628,452.17
"2585",53213,592.87
"2586",19507,619.56
"2587",85471,330.43
"2588",81316,874.85
"2589",6988,72.67
"2590",76001,1230.94
"2591",53198,505.78
"2592",23959,187.95
"2593",1969,201.55
"2594",67772,662.55
"2595",95614,226.39
"2596",29296,515.32
"2597",71361,653.56
"2598",99252,765.73
"2599",6843,179.7
"2600",14366,310.6
"2601",35760,646.36
"2602",3467,248.19
"2603",42016,515.66
"2604",23365,421.56
"2605",97083,849.02
"2606",23665,336.75
"2607",74822,235.76
"2608",7252,289.61
"2609",89946,734.09
"2610",33705,670.89
"2611",71418,743
"2612",52259,611.5
"2613",28497,207.04
"2614",37651,594.88
"2615",40201,785.89
"2616",59284,567.93
"2617",42774,311.39
"2618",95414,337.08
"2619",66918,454.17
"2620",27331,424.2
"2621",69011,243.05
"2622",78909,559.53
"2623",73965,463.01
"2624",7964,548.11
"2625",38009,400.51
"2626",45843,158.96
"2627",51328,312.41
"2628",63497,445.94
"2629",72329,276.71
"2630",57809,252.24
"2631",72195,885.24
"2632",3335,237.32
"2633",52495,118.78
"2634",39294,273.83
"2635",81829,287.27
"2636",32760,599.3
"2637",78144,435.69
"2638",43909,174.49
"2639",23733,264.88
"2640",5167,254.36
"2641",18745,227.24
"2642",49666,601.71
"2643",88715,632.34
"2644",23653,289.5
"2645",82803,654.7
"2646",48031,225.36
"2647",36217,203.83
"2648",78576,390.47
"2649",16427,200.92
"2650",63800,177.7
"2651",49830,356.42
"2652",70228,535.87
"2653",17218,590.33
"2654",50713,201.09
"2655",48835,373.34
"2656",39805,617.63
"2657",14000,248.71
"2658",28364,169.25
"2659",24581,451.17
"2660",23927,454.81
"2661",65183,476.68
"2662",30568,14.47
"2663",4496,237.11
"2664",57234,427.06
"2665",26378,163.12
"2666",60889,237.25
"2667",35765,390.59
"2668",29599,324.88
"2669",14829,419.26
"2670",87796,177.97
"2671",15744,262.85
"2672",90014,33.33
"2673",50342,263.92
"2674",81905,544.11
"2675",87501,453.12
"2676",72825,155.35
"2677",61047,259.6
"2678",97281,147.17
"2679",35420,320.63
"2680",77201,110.84
"2681",60935,312.98
"2682",13551,132.1
"2683",43422,561.68
"2684",67078,111.24
"2685",77778,242.99
"2686",87268,211.44
"2687",65347,399.5
"2688",86621,237.03
"2689",59357,306.04
"2690",98200,252.84
"2691",91787,494.26
"2692",1667,196.39
"2693",56912,252.46
"2694",17312,748.22
"2695",5783,214.13
"2696",90225,799.11
"2697",13291,802.87
"2698",225,507.18
"2699",71919,205.7
"2700",32339,349.84
"2701",73731,234.81
"2702",2410,348.83
"2703",33117,388.84
"2704",58965,790.46
"2705",79453,368.96
"2706",70903,330.87
"2707",1832,141.72
"2708",83149,322.17
"2709",43318,388.58
"2710",46524,302.12
"2711",2766,142.8
"2712",51069,505.71
"2713",71022,321.56
"2714",22730,252.55
"2715",77455,98.22
"2716",18113,257.06
"2717",7948,725.78
"2718",69988,232.91
"2719",46509,353.72
"2720",68591,613.05
"2721",84518,285.89
"2722",546,269.3
"2723",50938,579.02
"2724",81439,573.24
"2725",22185,285.79
"2726",12075,461.4
"2727",34066,385.24
"2728",77138,385.39
"2729",52207,331.18
"2730",81023,359.4
"2731",16429,848.72
"2732",97196,405.9
"2733",42448,170.97
"2734",68559,374.07
"2735",34718,581.22
"2736",73254,343.81
"2737",27311,132.58
"2738",54010,540.63
"2739",35486,281.26
"2740",35995,630.45
"2741",59274,402.93
"2742",43336,357.43
"2743",31839,154.53
"2744",48377,531.82
"2745",97036,666.02
"2746",57220,491.6
"2747",47441,54.76
"2748",42734,397.83
"2749",11105,191.35
"2750",74326,474.72
"2751",76441,378.05
"2752",77998,143.73
"2753",41615,327.75
"2754",91464,433.61
"2755",11585,157.51
"2756",24188,303.22
"2757",94527,686.4
"2758",38221,416.75
"2759",16442,596.34
"2760",50504,661.58
"2761",8983,423.66
"2762",48729,770.61
"2763",7218,420.53
"2764",40037,516.3
"2765",60996,426.87
"2766",8214,610.06
"2767",12486,1064.23
"2768",98790,558.36
"2769",26010,240.1
"2770",49866,294.95
"2771",13329,282.36
"2772",41737,332.87
"2773",52382,504.95
"2774",77259,367.43
"2775",15374,526.51
"2776",25111,376.09
"2777",67231,259.99
"2778",49626,200.42
"2779",51132,854.94
"2780",4640,231.32
"2781",8201,482.02
"2782",80493,271.16
"2783",76199,236.35
"2784",29087,291.47
"2785",28257,415.32
"2786",47475,215.7
"2787",10925,377.1
"2788",72425,388.88
"2789",74227,262.67
"2790",76594,404.98
"2791",16989,208.21
"2792",42647,132.92
"2793",68460,504.32
"2794",31793,219.29
"2795",5345,147.84
"2796",99698,249.73
"2797",10895,211.54
"2798",34658,220.38
"2799",11974,293.67
"2800",40522,456.86
"2801",27915,339.79
"2802",80560,1150.9
"2803",72783,486.95
"2804",72585,521.7
"2805",25646,420.8
"2806",67454,218.2
"2807",42490,262.94
"2808",27035,597.71
"2809",96237,227.18
"2810",55133,709.73
"2811",70717,219.88
"2812",75234,449.47
"2813",50831,472.53
"2814",30474,288.44
"2815",19125,634.58
"2816",58972,561.93
"2817",96339,267.84
"2818",89449,440.9
"2819",45248,290.35
"2820",55518,396.39
"2821",3188,411.7
"2822",27837,255.6
"2823",79638,66.36
"2824",66041,684.86
"2825",71003,511.72
"2826",17199,456.5
"2827",5776,464.16
"2828",8068,379.95
"2829",72251,278.71
"2830",71290,476.61
"2831",55132,668.19
"2832",32036,203.53
"2833",1008,474.95
"2834",77671,271.35
"2835",85267,294.68
"2836",18010,171.47
"2837",25272,268.67
"2838",22616,227.04
"2839",16324,372.1
"2840",3558,251.45
"2841",4480,216.25
"2842",62238,525.54
"2843",51035,337.96
"2844",69244,206.63
"2845",12024,648.87
"2846",55045,325.23
"2847",45242,786.32
"2848",13316,198.57
"2849",51,284.51
"2850",2569,191.25
"2851",23205,54.69
"2852",59365,221.64
"2853",20047,942.65
"2854",4613,626.21
"2855",49143,633.09
"2856",21836,820.86
"2857",77846,390.23
"2858",83330,271.75
"2859",10691,144.06
"2860",58155,229.59
"2861",57435,199.54
"2862",99283,304.3
"2863",82794,274.71
"2864",81347,1016.27
"2865",36211,295.21
"2866",1744,349.28
"2867",55996,411.27
"2868",49057,543.32
"2869",63502,124.27
"2870",98579,181.63
"2871",68515,185.61
"2872",46601,516.9
"2873",33101,137.76
"2874",85855,447.9
"2875",58353,145.9
"2876",52202,213.88
"2877",17798,746.67
"2878",91469,215.71
"2879",93251,238.91
"2880",76649,465.22
"2881",17692,667.31
"2882",22362,278.15
"2883",59402,279.29
"2884",77036,569.36
"2885",68583,514.88
"2886",72330,236.3
"2887",72235,324.77
"2888",82785,339.57
"2889",13787,486.61
"2890",82724,220.14
"2891",77894,185.55
"2892",27448,530.73
"2893",38510,223.85
"2894",59759,260.73
"2895",8688,492.02
"2896",57115,499.94
"2897",30927,170
"2898",12845,253.63
"2899",74946,155.36
"2900",71135,334.26
"2901",71459,151.74
"2902",73817,307.69
"2903",18311,685.88
"2904",27181,156.65
"2905",23029,212.3
"2906",78057,401.02
"2907",81293,313.14
"2908",78862,319.01
"2909",97156,370.44
"2910",95965,522.71
"2911",30446,529.67
"2912",217,414.52
"2913",13059,583.61
"2914",86541,470.99
"2915",33394,449.16
"2916",98382,269.55
"2917",2434,303.46
"2918",85722,212.51
"2919",19030,223.74
"2920",41792,202.58
"2921",23584,218.76
"2922",1118,180.92
"2923",63567,125.21
"2924",15776,791.64
"2925",86057,297.33
"2926",34711,328.79
"2927",34002,411.88
"2928",68595,548.21
"2929",33828,333.05
"2930",81995,191.64
"2931",92044,321.68
"2932",12549,417.2
"2933",83692,271.64
"2934",89996,372.74
"2935",28145,544.54
"2936",48353,234.29
"2937",22403,110.26
"2938",45941,311.63
"2939",34452,309.78
"2940",17142,392.01
"2941",21214,430.11
"2942",38318,303.36
"2943",87073,287
"2944",78793,384.83
"2945",55395,673.35
"2946",30830,423.3
"2947",47838,279.99
"2948",1922,126.19
"2949",84686,315.53
"2950",66200,281.27
"2951",3514,427.68
"2952",86627,501.81
"2953",21129,301.11
"2954",96872,146.04
"2955",67429,160.46
"2956",6409,248.81
"2957",38924,279.13
"2958",80042,362.08
"2959",32895,374.39
"2960",42536,472.47
"2961",81544,427.78
"2962",85273,256.87
"2963",73126,352.02
"2964",15626,184.71
"2965",98309,139.24
"2966",96329,530.72
"2967",42205,186.66
"2968",2594,296.29
"2969",85552,981.99
"2970",7501,144.57
"2971",6808,217.15
"2972",64544,399.78
"2973",5469,372.15
"2974",57177,328
"2975",72564,521.33
"2976",21757,326.47
"2977",77769,207.21
"2978",63071,563.3
"2979",86098,323.9
"2980",12692,312.45
"2981",24682,302.23
"2982",99150,514.03
"2983",66411,169.56
"2984",94710,464.91
"2985",46224,796.95
"2986",47090,368.51
"2987",92011,148.56
"2988",92604,779
"2989",83073,652.79
"2990",42849,360.94
"2991",64159,388.84
"2992",54401,417.23
"2993",37638,608.67
"2994",78677,110.34
"2995",46587,731.5
"2996",29020,250.42
"2997",51717,98.78
"2998",74281,215.46
"2999",1794,610.97
"3000",44268,298.12
"3001",77867,374.63
"3002",39514,432.04
"3003",98879,638.36
"3004",28658,108.78
"3005",18092,249.47
"3006",2571,406.14
"3007",67854,910.05
"3008",26169,532.17
"3009",61916,284.18
"3010",21429,644.27
"3011",3586,748.21
"3012",68814,319.1
"3013",63011,385.17
"3014",75272,510.93
"3015",83758,154.38
"3016",87783,214.9
"3017",87585,429.05
"3018",49473,863.27
"3019",69229,336.61
"3020",8716,450.76
"3021",30993,318.49
"3022",60788,375.77
"3023",94714,269.63
"3024",78925,251.44
"3025",32725,185.07
"3026",90807,595.88
"3027",49597,1315.05
"3028",42158,127.46
"3029",52121,993.57
"3030",80699,241.94
"3031",56077,437.25
"3032",3874,68.79
"3033",77525,623.56
"3034",90296,232.2
"3035",18371,307.08
"3036",83722,569.1
"3037",88590,454.29
"3038",99256,259.72
"3039",28508,350.46
"3040",60860,555.91
"3041",83130,579.41
"3042",40307,410.75
"3043",26014,103.99
"3044",32637,194.67
"3045",57458,362.94
"3046",91772,738.43
"3047",13359,1262.85
"3048",98876,414.62
"3049",18972,335.6
"3050",89417,372.72
"3051",28164,157.46
"3052",57063,277.19
"3053",50630,578.14
"3054",10974,270.21
"3055",14517,279.62
"3056",86317,246.22
"3057",27813,189.71
"3058",25165,278.05
"3059",58216,434.25
"3060",36073,174.3
"3061",29378,386.56
"3062",40837,393.59
"3063",43600,508.14
"3064",6080,722.45
"3065",47482,621.73
"3066",39549,593.35
"3067",38896,445.42
"3068",54157,675.19
"3069",28727,550.27
"3070",32190,596.3
"3071",16358,350.02
"3072",93840,348.33
"3073",1313,170.44
"3074",63320,325.14
"3075",24427,114.24
"3076",92427,400.48
"3077",81878,183.14
"3078",44804,351.27
"3079",52686,99.08
"3080",14323,321.4
"3081",52609,432.09
"3082",20335,564.01
"3083",16896,491.14
"3084",64621,195.07
"3085",99720,654.23
"3086",10240,388.95
"3087",87887,666.13
"3088",1843,447.58
"3089",12356,241.2
"3090",66843,211.44
"3091",1047,352.79
"3092",58479,598.33
"3093",82717,204.79
"3094",27789,359.14
"3095",90300,130.09
"3096",36418,816.53
"3097",48493,469.69
"3098",63047,202.19
"3099",47461,313.42
"3100",78336,359.43
"3101",51772,322.64
"3102",91738,897.3
"3103",62406,627.74
"3104",10886,150.9
"3105",96910,152.35
"3106",90606,116.55
"3107",33776,108.66
"3108",87494,489.8
"3109",3090,124.11
"3110",82363,226.66
"3111",55711,279.56
"3112",62440,678.36
"3113",57548,365.21
"3114",93856,322.17
"3115",67891,208.69
"3116",30109,250.38
"3117",53751,320.1
"3118",14548,204.63
"3119",15350,473.02
"3120",31532,469
"3121",17092,506.66
"3122",71855,614.6
"3123",35955,98.42
"3124",94951,849.9
"3125",46700,974.81
"3126",31873,352.27
"3127",6304,292.13
"3128",46727,263.03
"3129",20509,100.27
"3130",95287,277.03
"3131",15893,237.59
"3132",18994,127.9
"3133",5732,599.42
"3134",84756,629.91
"3135",79478,544.8
"3136",53590,338.74
"3137",72035,322.92
"3138",99337,189.96
"3139",96669,467.44
"3140",5964,191.77
"3141",71279,132.79
"3142",60863,578.36
"3143",22831,478.89
"3144",41597,632.16
"3145",21683,475.98
"3146",49654,485.5
"3147",80735,569.9
"3148",15555,227.43
"3149",67152,453.15
"3150",37417,336.09
"3151",25220,831.44
"3152",71832,1001.82
"3153",61977,349.86
"3154",59570,450.14
"3155",94955,248.77
"3156",41391,655.93
"3157",83376,408.74
"3158",76014,392.18
"3159",20029,420.76
"3160",99264,367.06
"3161",70401,456.7
"3162",19970,325.25
"3163",77891,316.34
"3164",63715,265.77
"3165",11143,486.21
"3166",29071,344.68
"3167",90226,597.9
"3168",24390,229.43
"3169",77405,907.06
"3170",34382,450.3
"3171",61036,387.67
"3172",18286,450.57
"3173",91853,134.83
"3174",29450,921.69
"3175",53877,451.91
"3176",88626,213.19
"3177",45736,169.97
"3178",75182,217.49
"3179",75319,414.35
"3180",79893,276.13
"3181",15938,459.47
"3182",93023,642.94
"3183",61344,421.5
"3184",18873,225.31
"3185",60781,171.36
"3186",14764,396.25
"3187",67180,254.39
"3188",57211,378.91
"3189",62249,78.57
"3190",85711,730.82
"3191",63297,299.94
"3192",31757,504.24
"3193",20758,171.64
"3194",72247,570.79
"3195",58263,309.46
"3196",78182,407.17
"3197",98997,482.97
"3198",90392,252.2
"3199",43845,196.3
"3200",22283,412.18
"3201",78972,198.43
"3202",74855,834.24
"3203",41420,689.6
"3204",10447,318.29
"3205",14754,212.81
"3206",90348,364.44
"3207",74858,884.51
"3208",46590,298.78
"3209",95905,939.11
"3210",55514,333.06
"3211",64121,192.15
"3212",38795,320.45
"3213",76282,192.2
"3214",52250,421.73
"3215",80429,303.06
"3216",8955,128.88
"3217",14075,500.26
"3218",83546,211.23
"3219",41334,749.71
"3220",82388,415.16
"3221",39121,182.41
"3222",90783,543.95
"3223",78162,639.24
"3224",2711,292.68
"3225",15669,605.33
"3226",78693,538.61
"3227",63106,304.61
"3228",19232,238.22
"3229",20250,241.69
"3230",74531,844.36
"3231",73734,524.53
"3232",32525,432.37
"3233",42408,173.96
"3234",16667,246.13
"3235",48095,852.46
"3236",86247,480.11
"3237",17096,606.61
"3238",62691,387.06
"3239",99350,530.47
"3240",64573,345.14
"3241",94603,403.43
"3242",91637,252.76
"3243",94620,886.12
"3244",47603,237.2
"3245",12365,235.54
"3246",85051,228.68
"3247",15366,455.08
"3248",24908,464.04
"3249",13083,576.79
"3250",28473,298.27
"3251",52977,411.25
"3252",83420,415.82
"3253",39179,400.74
"3254",41242,412.32
"3255",89779,295.77
"3256",46711,659.64
"3257",29389,587.66
"3258",12756,308.61
"3259",26609,372.38
"3260",69686,650.66
"3261",50380,180.01
"3262",82712,633.57
"3263",94576,278.46
"3264",18779,287.14
"3265",47302,236.57
"3266",67912,197.88
"3267",66470,245.94
"3268",57423,388.31
"3269",99163,384.13
"3270",81299,405.38
"3271",30497,396.13
"3272",88695,476.68
"3273",61391,136.1
"3274",35451,300.36
"3275",23501,268.99
"3276",50915,482.48
"3277",65433,137.41
"3278",69541,663.56
"3279",47392,455.65
"3280",28731,480.9
"3281",59245,538.92
"3282",9987,306.15
"3283",25908,530.74
"3284",701,338.47
"3285",57448,410.49
"3286",27828,448.5
"3287",70312,135.71
"3288",22567,302.02
"3289",93195,210.54
"3290",40512,525.08
"3291",38612,232.43
"3292",2111,215.07
"3293",71443,111.95
"3294",3037,372.64
"3295",75310,104.7
"3296",71514,234.88
"3297",24279,229.95
"3298",94097,533.74
"3299",5271,477.09
"3300",29907,719.5
"3301",10934,239.7
"3302",98086,633.58
"3303",96578,144.13
"3304",77635,346.41
"3305",77748,491.97
"3306",82101,341.19
"3307",77480,182.85
"3308",36370,473.1
"3309",4347,219.42
"3310",72546,288.69
"3311",5118,338.74
"3312",16249,267.06
"3313",79729,882.54
"3314",73719,469.12
"3315",49759,270.41
"3316",80442,281.21
"3317",24504,631.7
"3318",87942,276.54
"3319",66666,219.33
"3320",2365,324.21
"3321",83928,763.96
"3322",90821,250.09
"3323",71075,310.99
"3324",98030,492.38
"3325",28426,448.93
"3326",50221,663.55
"3327",28765,207.14
"3328",77852,105
"3329",62723,223.29
"3330",47872,444.67
"3331",14141,624.37
"3332",26850,230.68
"3333",53121,287.85
"3334",62095,215.3
"3335",9733,275.75
"3336",54715,84.45
"3337",17966,430.73
"3338",74197,534.71
"3339",26102,531.24
"3340",75844,85.57
"3341",60277,273.55
"3342",82071,451.09
"3343",24989,237.38
"3344",24337,281.27
"3345",97181,308.33
"3346",81215,322.94
"3347",51072,510.93
"3348",19410,891.58
"3349",85306,674.63
"3350",62386,607.43
"3351",77289,351.63
"3352",15806,163
"3353",13965,281.28
"3354",85858,349.41
"3355",83009,299.54
"3356",30139,402.11
"3357",86092,479.8
"3358",90091,304.29
"3359",56424,733.8
"3360",94821,334.09
"3361",63604,111.88
"3362",91263,659.14
"3363",24135,405.29
"3364",98046,200.18
"3365",29396,505.6
"3366",37735,304.21
"3367",7101,226.86
"3368",15,475.92
"3369",42584,467.2
"3370",11073,196.01
"3371",11407,718.06
"3372",23295,606.68
"3373",450,789.05
"3374",19933,269.93
"3375",58981,335.39
"3376",37070,279.72
"3377",75295,321.96
"3378",84632,432.7
"3379",85322,330.24
"3380",26082,612.37
"3381",31200,741.53
"3382",45017,368.01
"3383",26052,681.73
"3384",87564,321.84
"3385",80935,159.95
"3386",99193,317.27
"3387",65491,1049.32
"3388",82564,401.31
"3389",45061,123.5
"3390",97546,441.21
"3391",33368,327.54
"3392",25357,572.95
"3393",27921,507.99
"3394",99612,2244.4
"3395",92814,333.22
"3396",27042,187.93
"3397",93169,530.82
"3398",74105,110.9
"3399",10213,503.69
"3400",51100,506.76
"3401",67589,534.29
"3402",9807,1349.92
"3403",6099,239.02
"3404",87157,455.55
"3405",15927,438.36
"3406",86540,394.42
"3407",89484,558.69
"3408",20919,518.97
"3409",18796,414.75
"3410",2021,257.99
"3411",7883,220.68
"3412",92359,330.32
"3413",62292,355.43
"3414",25121,702.38
"3415",60430,250.54
"3416",24236,309.07
"3417",1563,239.77
"3418",17152,351.11
"3419",57007,667.77
"3420",42935,328.68
"3421",5219,579.67
"3422",82753,144.6
"3423",53133,321
"3424",46712,658.45
"3425",5433,444.59
"3426",72407,295.55
"3427",35513,392.05
"3428",70852,606.14
"3429",82446,299.56
"3430",35584,790.6
"3431",37405,375.39
"3432",10878,122.84
"3433",7694,415.26
"3434",3012,454.55
"3435",41150,388.34
"3436",4474,291.87
"3437",55573,554.25
"3438",93381,271.97
"3439",56534,134.11
"3440",43681,781.39
"3441",63234,274.74
"3442",513,592.24
"3443",61433,365.6
"3444",54606,377.4
"3445",33411,239.4
"3446",56323,180.04
"3447",30698,710.49
"3448",12959,296.82
"3449",52526,116.25
"3450",68083,209.34
"3451",1561,388.21
"3452",35100,251.04
"3453",26455,318.77
"3454",42835,199.39
"3455",35945,274.93
"3456",71851,356.02
"3457",5093,286.1
"3458",1369,489.43
"3459",59463,191.33
"3460",54201,401.52
"3461",41072,378.1
"3462",83362,118.89
"3463",56247,571.88
"3464",61189,672.73
"3465",53902,400.3
"3466",52213,417.36
"3467",21104,801.5
"3468",72121,490.98
"3469",48429,252.45
"3470",59126,417.57
"3471",64951,156.15
"3472",40057,318.8
"3473",81329,387.65
"3474",35865,342.56
"3475",92971,98.6
"3476",51209,323.72
"3477",22922,295.51
"3478",94351,455.1
"3479",20331,820.25
"3480",66669,421.61
"3481",6604,403.87
"3482",1487,276.48
"3483",89394,698.2
"3484",23486,383.19
"3485",22862,392.82
"3486",7785,343.74
"3487",22725,360.9
"3488",67452,285.06
"3489",86008,649.08
"3490",82788,779.85
"3491",48808,184.02
"3492",55366,575.78
"3493",83627,247.31
"3494",97423,827.96
"3495",37948,399.27
"3496",33334,179.34
"3497",66796,218.99
"3498",27747,245.25
"3499",86390,328.26
"3500",73907,193.95
